Position  ,A,C,D,E,F,G,H,I,K,L,M,N,P,Q,R,S,T,V,W,Y,*,,avg
1 ,nan,nan,nan,nan,nan,nan,nan,-3.917,-3.917,-3.917,0.000,nan,nan,nan,-4.428,nan,-3.917,-3.917,nan,nan,nan,0.0,-3.430
2 ,-4.428,-3.917,-4.428,-3.917,-3.917,-3.917,nan,0.000,0.216,-3.917,-0.210,-3.917,-3.917,-3.917,-2.157,-3.917,-1.568,-3.917,-3.917,-3.917,-4.428,0.0,nan
3 ,nan,-2.516,-1.171,-0.719,-1.704,-2.578,nan,-0.509,0.024,-2.295,-3.031,0.401,-3.917,-0.896,-2.738,0.000,nan,-2.136,nan,-3.917,-3.917,0.0,nan
4 ,-1.161,-1.393,-3.917,-2.051,1.142,-1.909,0.391,0.393,nan,0.000,-3.917,-0.257,-2.371,nan,-1.647,-0.702,-0.547,-0.960,-3.917,0.750,-3.917,0.0,nan
5 ,-2.452,-1.386,-3.917,-1.132,-0.339,-1.218,-2.035,0.000,-1.994,-0.487,-1.953,-1.848,nan,-2.303,nan,-2.528,-2.582,-2.158,-3.917,-1.426,-3.917,0.0,nan
6 ,0.000,0.242,-3.917,-3.917,0.557,-0.111,nan,0.940,-3.917,-0.642,0.316,0.540,-3.917,-1.543,-3.917,0.614,1.223,-0.003,-2.984,0.494,nan,0.0,nan
7 ,0.000,0.137,-3.917,-3.917,-3.917,-2.079,nan,-0.767,-3.917,-2.142,-2.239,-1.004,nan,-3.917,-3.917,-1.049,-0.819,-1.464,-3.917,-3.917,-3.917,0.0,nan
8 ,-0.272,nan,nan,0.007,-3.917,-1.052,-0.466,nan,-0.002,0.000,-0.270,-0.640,-1.940,-1.027,-0.372,-0.910,0.219,-1.049,-0.484,nan,-1.119,0.0,nan
9 ,0.000,-0.017,-0.943,-1.402,-0.895,-0.185,nan,0.141,-2.218,-0.180,-1.289,1.003,-1.673,-1.149,-2.198,0.403,0.906,0.117,-1.423,-1.177,-3.917,0.0,nan
10 ,0.479,nan,-0.570,-0.031,-0.626,-0.346,-1.339,-0.959,-2.603,-1.297,-2.845,-0.241,0.345,-1.832,-2.217,-0.203,-0.926,0.000,-1.583,-0.636,nan,0.0,nan
11 ,0.318,-0.582,0.000,0.270,-2.178,0.211,-0.971,nan,0.838,-0.804,-0.447,-0.700,-0.027,0.740,0.505,-0.228,-0.029,-0.556,-0.989,-1.501,-3.917,0.0,nan
12 ,-0.795,0.315,0.173,0.593,-0.522,-1.598,-3.917,-0.716,0.911,0.461,0.518,0.491,-2.589,0.413,0.000,0.008,-0.653,-0.001,-0.080,0.150,-3.917,0.0,-0.512
13 ,-0.287,-0.709,-1.483,-0.653,-0.708,-1.536,-1.536,0.019,-1.795,-0.410,-0.215,-1.068,-2.332,-1.167,-1.402,-0.416,0.218,0.000,-0.911,-1.890,-3.917,0.0,-1.057
14 ,0.377,0.446,-3.917,-3.917,-3.917,-1.929,-3.917,0.000,nan,1.093,-0.051,-3.917,-2.402,-3.371,nan,-1.834,-0.838,0.568,-3.917,-3.917,-3.917,0.0,nan
15 ,-2.313,-3.917,-3.917,-2.162,nan,0.000,-3.917,-3.917,-3.917,-1.376,-3.917,-3.917,-1.330,-3.917,-1.772,-2.556,nan,-3.917,-2.139,-3.917,-3.917,0.0,nan
16 ,0.416,0.164,-1.023,-1.045,-1.771,-1.399,-1.340,nan,-0.818,-0.207,0.000,-1.578,nan,-0.345,-0.078,0.336,0.113,0.388,-0.305,-2.083,-1.761,0.0,nan
17 ,-0.329,-0.913,0.026,0.000,-1.481,0.091,-1.648,-3.917,-1.571,-1.224,-1.110,-0.384,-1.971,-1.415,-1.878,-0.478,-1.651,-1.881,-2.054,-1.463,-3.917,0.0,-1.389
18 ,-0.306,-0.028,nan,-0.063,0.439,-0.316,-3.917,-3.917,-0.239,0.408,-0.105,0.000,-3.917,0.843,-0.268,-0.053,0.038,-0.969,-0.281,-3.917,-3.917,0.0,nan
19 ,0.000,0.346,0.268,-0.784,0.538,0.305,0.224,0.171,-0.440,-0.544,-0.417,0.384,-3.917,-0.073,-0.907,-0.132,-0.196,-1.003,-0.024,0.489,-3.917,0.0,-0.459
20 ,-2.952,-2.316,-3.917,-1.795,-1.266,-2.145,-3.917,-3.917,-3.917,-1.979,0.000,-1.631,-1.760,-1.191,-3.917,-2.244,-2.008,nan,-1.454,nan,-3.917,0.0,nan
21 ,-0.428,0.512,nan,-1.902,-2.289,-0.710,-1.298,-1.219,-1.344,-0.888,-1.702,-0.714,0.000,-0.514,-1.313,-0.031,-0.958,-0.470,-3.406,-1.620,-3.917,0.0,nan
22 ,-3.917,-3.917,-4.428,-3.917,0.075,-3.917,-0.863,-3.917,-3.917,nan,-3.917,-3.917,-3.917,-3.917,-3.917,-3.917,-1.454,-3.917,0.000,-3.917,-3.917,0.0,nan
23 ,0.405,0.127,-3.917,-0.122,-0.581,0.153,-0.053,-3.917,-2.226,-0.193,0.119,0.000,-0.229,-0.029,-0.116,-0.345,0.438,0.022,-0.342,-3.917,-3.917,0.0,-0.888
24 ,0.497,-0.499,0.436,0.241,-0.019,0.918,nan,0.454,-1.939,0.000,-1.960,0.117,-3.917,0.371,-1.845,-0.725,0.428,1.305,-0.857,-0.967,-3.917,0.0,nan
25 ,-0.879,-0.233,-0.255,-0.435,0.517,-0.252,-0.408,0.350,-0.613,-0.096,0.081,0.122,0.000,-0.857,-0.282,-0.038,0.136,-0.565,-0.250,0.185,-3.917,0.0,-0.366
26 ,0.000,-1.572,nan,-0.928,-0.131,-1.259,-0.096,-0.073,-1.847,-0.751,-1.005,-1.187,-0.312,-0.605,-1.236,-1.098,-1.001,-1.291,-1.085,0.086,-2.087,0.0,nan
27 ,-3.917,-3.917,0.000,-0.274,-3.917,-2.002,-3.917,-3.917,-3.917,-3.917,-3.917,-3.917,-3.917,-3.917,nan,nan,-3.917,-3.917,nan,-3.917,-0.832,0.0,nan
28 ,-1.665,nan,-3.917,-2.127,0.326,-1.410,-3.917,-3.917,-1.265,0.000,-0.347,-1.565,-2.095,-2.697,-2.408,-1.615,-1.890,-2.208,-1.968,0.229,nan,0.0,nan
29 ,0.000,-1.191,-3.917,-0.086,-0.532,-0.834,-1.015,-1.631,-0.359,-0.007,-0.906,-2.188,-2.765,0.112,-0.611,-0.322,-0.398,-0.855,-0.316,-1.655,-3.917,0.0,-1.114
30 ,0.078,nan,-0.081,0.485,0.935,0.443,0.887,-0.220,0.868,0.708,0.928,0.464,-1.614,0.426,0.151,0.956,0.537,-0.405,0.000,0.706,-3.917,0.0,nan
31 ,-2.987,-1.447,-3.917,-2.504,0.000,-1.532,nan,-2.130,-3.917,-0.455,-0.409,-3.917,-1.169,-3.917,-2.467,nan,-2.696,-0.451,nan,-0.221,-3.917,0.0,nan
32 ,-0.579,-1.129,-3.917,-0.851,-0.601,-0.643,-0.683,-1.486,0.000,-0.001,-1.044,-3.917,nan,-0.611,-0.557,-0.275,-0.819,-0.311,-1.325,-0.435,-3.917,0.0,nan
33 ,0.116,-3.917,0.180,0.298,0.187,-0.867,nan,0.323,0.160,-0.191,0.183,0.110,-1.126,0.352,0.000,0.243,0.483,-0.074,-0.443,0.289,-3.917,0.0,nan
34 ,-0.342,0.019,-3.917,-0.033,-0.418,0.333,0.150,-3.917,0.355,-0.164,-0.539,0.000,-3.917,0.546,0.109,0.079,-0.496,-0.194,-0.188,nan,-3.917,0.0,nan
35 ,nan,-0.708,-3.917,-3.917,-3.917,-0.706,-3.917,-3.917,-3.917,-2.642,-3.917,-3.917,-3.917,-3.917,-2.137,-0.397,0.000,-1.588,-3.917,-3.917,-3.917,0.0,nan
36 ,-1.263,-1.078,-0.286,-0.210,0.350,0.085,-0.120,-0.056,0.418,0.000,-0.107,0.411,-2.466,0.385,0.188,-0.130,-0.024,-0.939,-0.243,-0.012,nan,0.0,nan
37 ,-0.245,-0.663,-0.025,0.223,0.222,-0.244,-0.160,-0.331,0.287,0.018,0.292,0.000,-0.731,0.038,0.131,0.041,-0.098,0.136,0.104,0.272,-3.917,0.0,-0.221
38 ,-0.028,0.552,0.156,-0.051,0.456,0.098,-0.171,0.216,0.000,0.287,-0.024,1.030,-1.777,-1.126,0.266,0.409,0.458,0.140,-0.132,0.261,-3.917,0.0,-0.138
39 ,0.082,-0.140,-0.737,0.530,0.289,-0.203,0.830,-0.260,0.145,0.225,0.337,0.405,0.000,-0.037,-0.096,0.024,0.640,0.345,0.135,0.306,-3.917,0.0,-0.052
40 ,0.518,0.018,-2.707,-1.105,0.460,-0.050,0.102,0.049,-2.459,0.232,0.070,0.019,-2.015,nan,-2.518,0.267,0.543,0.000,-2.012,-1.843,nan,0.0,nan
41 ,0.714,0.922,-3.917,nan,-0.091,-1.123,nan,0.000,nan,-0.089,-0.447,-2.232,-1.831,-1.460,-1.671,-1.122,0.180,0.730,-0.701,nan,-3.917,0.0,nan
42 ,-0.341,nan,-3.917,-1.027,0.537,-0.672,0.257,-3.917,-3.917,0.104,0.000,-1.471,-3.917,0.364,-2.249,0.164,-1.037,-2.711,-1.863,0.468,nan,0.0,nan
43 ,-1.712,-3.917,-3.917,-1.104,-3.917,0.000,-3.917,-3.917,nan,-1.319,-3.917,-3.917,-3.917,-3.917,-0.797,-2.035,-3.917,-1.441,nan,-3.917,-3.917,0.0,nan
44 ,0.255,0.463,-1.168,-0.899,-0.475,0.535,nan,-0.498,0.430,-1.087,0.066,1.252,-2.693,-0.244,0.000,0.613,0.099,-0.220,-1.356,-0.366,nan,0.0,nan
45 ,0.910,-0.737,-0.587,-0.986,-0.841,0.059,0.000,-1.535,-1.048,-0.886,-0.516,0.072,0.700,-0.087,-0.979,1.143,0.891,-1.655,-0.582,-0.913,-3.917,0.0,-0.547
46 ,-1.499,-0.207,-3.917,-3.917,nan,-1.083,-3.917,-3.917,-3.917,-2.675,nan,-1.230,-3.917,-3.917,-3.917,0.596,0.000,-2.201,-3.917,-3.917,-3.917,0.0,nan
47 ,0.528,0.144,-0.689,-0.430,0.455,0.114,0.517,0.800,0.569,1.624,1.244,-0.279,-1.355,0.858,0.444,0.142,-0.047,1.008,0.000,0.899,-3.917,0.0,0.125
48 ,0.350,0.410,-0.141,0.000,0.385,0.726,0.221,-0.137,0.382,0.427,0.121,-0.057,-0.341,0.256,0.567,0.391,-0.049,0.444,0.729,0.307,-1.245,0.0,0.178
49 ,-0.059,-0.479,-0.399,-0.706,-0.512,-0.562,-0.033,nan,-1.521,-1.710,-2.358,-1.124,-1.341,-1.022,-2.168,0.000,0.097,-0.773,-1.577,-1.365,-3.917,0.0,nan
50 ,-0.519,0.175,-3.917,nan,-3.917,-2.396,-3.917,0.000,nan,0.850,0.427,-3.917,-3.917,-1.456,-1.783,-2.122,-0.404,-0.217,nan,-3.917,-3.917,0.0,nan
51 ,0.025,-0.344,0.143,0.466,0.061,0.000,0.274,0.391,0.166,-0.394,-0.031,-0.022,0.296,0.070,-0.080,-0.139,0.552,0.222,0.117,-0.047,-3.917,0.0,-0.104
52 ,0.181,0.073,0.071,-0.156,-0.306,0.259,-0.071,0.180,0.045,0.011,0.178,-0.072,0.248,0.005,0.000,0.086,0.198,-0.173,0.008,0.110,-3.917,0.0,-0.145
53 ,0.147,-0.361,-0.086,0.043,0.259,0.471,0.275,-0.284,-0.080,0.128,-0.309,-0.025,0.000,0.213,0.098,0.105,0.160,-0.255,0.252,0.078,-3.917,0.0,-0.147
54 ,-1.773,-1.395,-3.917,-3.917,0.034,-1.880,nan,-0.398,nan,0.000,0.140,nan,-1.831,-3.917,-2.094,-2.544,-1.700,-1.421,-3.917,-3.917,-3.917,0.0,nan
55 ,-0.041,0.006,0.131,-0.014,0.249,0.106,0.073,-0.044,-0.136,0.058,-0.080,0.270,0.000,-0.037,-0.141,0.014,0.172,-0.014,0.018,0.295,nan,0.0,nan
56 ,-0.287,-0.224,-0.124,-0.080,-0.175,0.000,-0.093,-0.689,-0.070,-0.338,-0.126,-0.366,nan,-0.215,-0.195,-0.031,-0.066,-0.124,-0.050,0.128,-3.917,0.0,nan
57 ,-3.917,-3.917,-3.917,-3.917,-3.917,-2.116,-3.917,-3.917,nan,-2.823,nan,-3.917,nan,-3.917,0.000,-3.917,nan,-1.886,nan,-3.917,-3.917,0.0,nan
58 ,-0.077,0.083,0.089,-0.190,-0.142,-0.215,-0.173,-0.118,0.000,0.012,-0.132,0.353,-0.035,0.147,-0.057,-0.020,-0.361,0.105,-0.241,-0.289,-1.695,0.0,-0.141
59 ,0.277,0.243,0.198,-0.037,-0.297,0.172,0.065,0.489,0.044,-0.606,-0.324,0.000,0.185,-0.374,-0.743,0.146,0.057,0.400,-0.388,-0.588,-3.917,0.0,-0.238
60 ,0.045,0.276,nan,-1.249,0.541,-1.307,-0.118,0.000,-1.328,0.294,0.154,-0.967,nan,-1.119,-1.932,-0.666,-0.340,0.124,-0.275,0.690,-3.917,0.0,nan
61 ,-0.846,0.177,-3.917,nan,nan,-0.824,nan,0.000,-2.030,0.598,0.599,-3.917,-1.558,-1.337,-0.972,-1.052,-1.336,-0.293,-1.366,-0.773,-3.917,0.0,nan
62 ,0.720,0.733,-3.917,-1.780,0.244,nan,0.078,1.093,-1.184,0.000,0.289,-1.226,-1.011,-0.440,nan,-0.525,0.893,0.897,-0.904,-0.936,-3.917,0.0,nan
63 ,0.343,0.470,-2.303,-1.339,-0.950,0.419,-0.334,-0.375,-0.661,-0.404,-0.019,-1.611,-2.355,-0.204,-0.169,0.000,0.316,0.169,-0.219,-0.809,-3.917,0.0,-0.664
64 ,0.322,0.357,-0.228,0.130,0.392,0.432,-0.444,0.225,0.097,0.328,0.372,0.228,-1.211,0.600,0.174,0.000,-0.234,0.063,-0.138,-0.122,nan,0.0,nan
65 ,-0.030,0.255,0.095,0.064,-0.003,-0.761,0.115,0.256,-0.208,0.035,-0.340,-0.230,-0.742,0.000,0.131,0.119,0.119,0.307,0.324,0.262,-3.917,0.0,-0.198
66 ,-0.107,nan,-0.956,-0.043,0.678,0.005,0.260,nan,-0.007,0.036,-0.052,0.055,0.000,-3.917,0.174,0.293,-0.158,0.132,0.085,0.208,-3.917,0.0,nan
67 ,0.289,0.314,0.365,0.567,-0.295,0.000,-0.395,-0.134,-0.130,0.308,0.437,0.016,0.527,nan,-0.640,0.250,0.598,0.360,-0.587,-0.074,-3.917,0.0,nan
68 ,0.252,0.410,0.389,0.186,0.309,0.017,0.429,-0.023,0.025,0.085,-0.859,-0.089,0.293,0.360,-0.111,0.237,0.000,-0.014,-0.040,0.106,nan,0.0,nan
69 ,0.057,0.413,0.000,0.031,-0.029,0.160,-0.118,-0.116,-0.172,0.059,-0.282,-0.069,0.129,-0.271,0.073,0.142,-0.166,0.015,0.311,0.130,-3.917,0.0,-0.172
70 ,-0.261,0.160,0.000,-0.001,0.031,-0.078,0.261,-0.089,-0.002,0.132,0.213,-0.307,0.152,0.257,0.077,0.036,0.150,-0.051,-0.069,-0.005,-3.917,0.0,-0.158
71 ,-0.048,-3.917,0.170,0.098,-0.031,0.180,nan,0.051,-0.145,-0.127,-0.134,0.169,-0.033,-0.064,0.000,0.192,0.124,-0.211,-0.044,-0.088,-3.917,0.0,nan
72 ,0.428,0.232,0.318,-0.159,0.607,0.364,0.753,0.340,-0.366,0.119,0.260,0.276,0.083,0.251,-0.055,0.210,0.253,0.000,0.429,0.714,-3.917,0.0,0.054
73 ,-0.284,nan,-0.554,0.090,-0.413,-0.011,0.039,-0.184,0.223,0.214,-3.917,-0.301,0.207,0.012,0.051,0.076,0.000,-0.035,0.178,0.102,-3.917,0.0,nan
74 ,0.117,-3.917,-0.555,0.127,nan,-0.150,0.235,0.015,-0.215,0.249,0.213,0.057,-0.337,0.070,-0.190,0.105,0.198,0.279,0.000,0.297,-3.917,0.0,nan
75 ,-0.451,-0.255,-0.386,-0.083,-0.061,-0.269,-0.084,0.567,0.110,0.315,0.073,-0.214,nan,0.106,0.130,-0.080,0.041,0.000,0.247,-0.132,nan,0.0,nan
76 ,-0.057,-0.129,0.199,0.585,0.276,-0.175,-0.511,0.439,0.000,0.122,0.024,-0.170,-0.274,-0.012,-0.112,-0.248,-0.181,0.252,0.098,0.077,-3.917,0.0,-0.177
77 ,0.149,-0.160,0.469,0.604,0.698,-0.186,0.112,0.534,0.489,0.770,0.495,0.139,-1.680,0.408,0.475,0.000,0.608,0.732,0.436,0.619,-3.917,0.0,0.085
78 ,0.378,-3.917,0.439,0.800,0.138,0.487,0.444,-0.490,0.215,-0.400,-0.012,0.493,0.558,0.244,0.413,0.332,0.174,0.000,0.655,0.581,nan,0.0,nan
79 ,-0.252,nan,0.000,-0.253,-0.257,-0.221,0.054,-0.075,-0.375,-0.362,-0.013,-0.038,-0.053,-0.285,-0.230,-0.158,0.145,-0.244,-0.282,-0.385,-3.917,0.0,nan
80 ,-0.438,0.021,-3.917,0.000,0.226,0.019,0.574,-0.086,-0.342,-0.210,-0.150,-0.223,-0.187,-0.223,-0.307,-0.263,0.204,0.048,-0.387,0.174,-1.075,0.0,-0.311
81 ,0.000,0.492,-3.917,-3.917,-0.555,-0.176,-1.812,0.301,-0.546,0.256,0.304,-3.917,nan,nan,nan,-0.314,0.539,0.578,-0.775,-0.976,-3.917,0.0,nan
82 ,0.324,-0.032,-0.503,0.045,-3.917,-0.273,-0.112,0.000,0.108,-0.200,-0.058,-3.917,-0.566,-0.062,0.035,0.360,0.095,0.094,0.228,nan,nan,0.0,nan
83 ,0.000,0.129,-0.193,-0.075,0.221,-0.077,-0.098,0.187,-0.065,0.052,0.144,0.117,0.203,-0.055,-0.011,0.022,0.131,0.097,0.296,-0.158,-3.917,0.0,-0.145
84 ,0.000,-3.917,-0.119,-0.457,0.467,-0.331,0.296,0.037,-0.252,0.024,-0.194,0.141,-0.171,-0.259,-0.262,0.064,0.122,0.014,nan,0.204,-3.917,0.0,nan
85 ,0.153,0.000,-0.206,-0.264,0.924,-0.019,0.873,0.794,-0.119,1.008,0.812,0.533,0.228,0.404,-0.074,-0.010,-0.004,0.251,0.454,0.735,-3.917,0.0,0.122
86 ,0.073,0.017,-0.074,0.068,0.123,0.000,0.099,0.447,0.191,0.073,0.123,0.075,0.742,0.194,0.260,0.232,0.381,0.352,-0.081,-0.152,-3.917,0.0,-0.037
87 ,-0.096,-0.454,0.000,-0.011,0.285,0.147,0.213,0.246,0.130,0.081,0.203,0.099,0.302,0.188,-0.023,0.129,0.075,-0.043,0.070,-0.050,-3.917,0.0,-0.116
88 ,0.227,-0.054,0.356,0.024,0.519,0.241,0.548,0.420,0.168,0.349,0.197,-0.238,0.415,0.085,0.092,0.306,0.263,0.000,0.382,nan,-3.917,0.0,nan
89 ,0.118,0.392,-0.703,-0.060,0.067,0.051,0.009,-0.245,-0.041,0.031,nan,-0.261,0.000,0.003,-0.040,-0.052,nan,0.073,0.052,-0.072,-3.917,0.0,nan
90 ,-0.137,nan,0.054,0.000,nan,-0.314,0.007,nan,-0.858,-0.859,-0.689,-0.124,-3.917,-0.326,-0.493,0.170,-0.591,-0.493,-0.373,-0.334,-3.917,0.0,nan
91 ,1.043,0.646,-2.015,-1.017,-3.917,1.035,-0.339,0.000,0.072,0.638,0.595,-0.093,0.227,-0.023,-0.185,0.779,0.571,0.633,0.368,0.270,-3.917,0.0,-0.220
92 ,0.550,0.632,-1.724,-1.829,0.874,-0.191,0.494,0.913,-1.008,0.646,0.000,0.393,-0.481,0.342,-1.424,0.456,0.827,0.572,0.344,0.712,-3.917,0.0,-0.134
93 ,0.474,0.139,-3.917,-3.917,-0.660,-0.206,-3.917,-0.124,nan,-0.096,-0.777,-1.349,-1.111,-3.917,-1.413,-0.340,0.024,0.000,nan,-3.917,-3.917,0.0,nan
94 ,-0.820,-0.388,-3.917,-3.917,-3.917,-1.735,-3.917,0.000,nan,0.512,-0.392,-2.111,-1.828,-0.338,-3.917,-0.791,-0.576,-0.142,-3.917,-3.917,-3.917,0.0,nan
95 ,-3.917,-4.428,-3.917,-3.917,-3.917,0.000,-3.917,-3.917,nan,-1.321,-3.917,-3.917,-1.780,-3.917,-3.917,-3.917,-3.917,-3.917,nan,-3.917,-3.917,0.0,nan
96 ,-3.917,-3.917,-4.428,nan,-3.917,0.000,-3.917,-3.917,nan,-0.347,nan,-3.917,-3.917,-3.917,-1.767,-3.917,-3.917,-3.917,nan,-3.917,-3.917,0.0,nan
97 ,0.074,-0.905,-0.651,-0.425,-1.212,0.000,-1.542,-3.917,-0.951,-1.385,-0.626,-0.428,-2.455,-0.022,-0.341,-0.391,-0.437,-2.008,-2.214,-1.497,-3.917,0.0,-1.202
98 ,0.046,-3.917,-1.044,-1.660,0.780,0.505,0.859,-1.552,-0.113,-1.246,-0.902,-0.596,-2.137,-1.359,0.000,-1.029,-0.592,-1.340,0.853,0.920,-3.917,0.0,-0.831
99 ,0.194,0.399,-3.917,-3.917,nan,0.372,-1.413,0.592,nan,0.348,0.258,0.093,-1.427,-1.575,-0.849,0.173,-0.750,0.000,-3.917,-3.917,-3.917,0.0,nan
100 ,-0.320,-0.038,-1.282,nan,nan,-1.965,nan,nan,nan,-0.984,-0.830,-1.071,-0.527,-1.433,nan,-0.603,-1.921,-1.389,0.292,0.000,-3.917,0.0,nan
101 ,-0.038,-0.010,-0.295,0.000,0.115,0.273,0.130,-0.130,0.097,0.003,0.165,-0.151,-1.952,0.042,0.055,-0.051,-0.176,-0.117,0.296,-0.048,-3.917,0.0,-0.272
102 ,0.248,0.218,-0.058,0.321,0.763,0.123,0.500,0.670,0.008,0.618,0.207,0.493,-0.174,0.000,0.203,0.271,0.506,0.509,0.805,0.619,-4.428,0.0,0.115
103 ,0.830,nan,nan,-1.934,0.000,-0.099,-0.085,nan,-1.132,-0.533,-0.496,-0.482,-0.861,nan,-1.210,0.582,0.193,0.122,-0.083,-1.637,-3.917,0.0,nan
104 ,nan,-3.917,-3.917,nan,-3.917,-0.741,-3.917,nan,nan,0.000,-3.917,-3.917,-4.428,nan,-1.212,-3.917,-3.917,-1.445,-3.917,-3.917,-3.917,0.0,nan
105 ,0.113,0.180,-0.261,0.081,0.169,0.048,-0.094,-0.149,0.089,0.162,0.211,0.049,0.000,0.092,0.175,0.041,0.194,-0.054,0.008,0.136,nan,0.0,nan
106 ,0.102,nan,-0.119,0.174,nan,0.199,0.489,0.163,0.000,-0.275,-0.460,0.372,-0.143,0.632,0.191,0.052,0.157,0.220,0.253,0.387,-3.917,0.0,nan
107 ,0.000,-0.026,-3.917,-3.917,-3.917,-0.282,-3.917,0.863,-3.917,-0.637,nan,-3.917,-3.917,-3.917,-3.917,-0.005,0.372,nan,-3.917,-3.917,-3.917,0.0,nan
108 ,-0.047,-0.044,nan,-0.016,-0.006,0.113,0.152,-0.389,0.201,0.006,-0.144,0.131,-1.212,0.000,0.039,0.081,0.181,-0.098,-0.017,-0.028,nan,0.0,nan
109 ,0.344,0.264,-1.826,-0.205,0.210,0.165,0.466,0.022,0.000,0.278,-0.113,0.331,-1.625,-0.241,0.255,0.079,0.271,0.067,0.346,0.356,-3.917,0.0,-0.213
110 ,-0.704,-0.404,-3.917,nan,nan,-1.971,-3.917,0.204,-1.198,0.000,nan,-1.734,-3.917,-3.917,-3.917,-1.034,-0.493,-0.432,-3.917,nan,-3.917,0.0,nan
111 ,-0.678,0.676,-3.917,nan,0.294,-1.167,-0.067,0.313,-1.102,0.050,0.142,-0.773,-3.917,-1.215,-2.784,-1.920,-0.254,0.287,-0.373,0.000,-4.428,0.0,nan
112 ,-0.324,0.142,-3.917,-2.537,0.288,-1.839,0.096,0.111,-0.554,0.000,0.068,-1.162,nan,-0.350,-1.290,nan,-0.130,0.033,-0.079,-0.010,-3.917,0.0,nan
113 ,-0.090,-0.098,nan,-3.917,nan,-2.274,-3.917,-3.917,-3.917,-2.397,-3.917,0.091,-1.911,-3.917,-3.917,-0.178,0.000,0.661,-3.917,-3.917,-3.917,0.0,nan
114 ,0.753,0.554,0.215,0.683,0.571,0.553,0.000,0.542,0.877,0.697,0.625,0.802,nan,0.767,0.758,0.642,0.575,0.837,0.268,0.261,-3.917,0.0,nan
115 ,0.200,0.071,-3.917,-0.652,0.107,-1.110,-0.112,0.000,nan,nan,0.029,0.030,nan,-0.499,-2.157,0.512,0.198,-0.163,-0.512,-0.399,-3.917,0.0,nan
116 ,0.484,0.779,0.000,0.464,0.758,0.742,1.108,0.988,0.713,0.874,1.071,0.633,-0.103,0.614,0.851,0.487,0.609,0.739,0.694,1.076,-3.917,0.0,0.460
117 ,0.000,nan,0.067,-0.009,-1.992,-0.157,-0.482,0.157,-0.623,-1.237,-0.205,-0.426,-1.103,0.159,0.015,-0.033,-0.427,0.068,-1.323,-1.738,-3.917,0.0,nan
118 ,nan,0.339,-0.145,0.000,0.452,0.503,0.695,0.288,0.598,0.386,0.336,0.474,0.480,0.512,0.641,0.553,0.591,0.356,0.097,0.233,-3.917,0.0,nan
119 ,-0.379,0.539,0.140,0.662,-2.102,-0.506,-0.587,0.005,-0.476,0.012,-0.016,0.697,0.003,0.586,0.633,0.267,0.680,0.000,-0.401,nan,-3.917,0.0,nan
120 ,-0.508,0.221,0.698,0.000,0.506,0.425,0.323,-0.018,0.617,0.356,0.364,0.494,-0.959,0.374,0.817,-0.111,0.409,-0.187,0.379,0.395,-3.917,0.0,0.032
121 ,-1.715,-3.917,-3.917,-2.492,nan,0.000,-1.740,nan,-2.621,-2.715,nan,-2.628,-2.400,-2.485,-1.941,-1.851,-2.630,-1.677,-2.225,-0.801,-1.508,0.0,nan
122 ,-2.234,-1.891,0.000,-1.225,-1.865,-1.740,-2.036,-2.139,-1.921,-2.041,-1.749,-2.888,-1.823,-1.461,-2.087,-1.114,-1.128,-1.808,-1.625,-3.917,-3.917,0.0,-1.934
123 ,0.837,-0.356,nan,-0.938,-2.374,-1.640,-0.774,-0.897,0.167,-1.484,-1.094,-3.917,-2.281,-1.296,0.173,0.018,0.000,-0.094,-1.426,-1.582,nan,0.0,nan
124 ,0.403,0.681,nan,-0.397,-0.986,0.504,0.000,0.139,0.394,-0.286,-0.020,0.113,0.309,0.748,0.328,0.349,0.371,0.400,-1.211,-0.724,-3.917,0.0,nan
125 ,-0.461,0.028,-3.917,-3.917,0.000,0.271,-0.865,0.112,nan,0.503,0.570,nan,-1.108,-3.917,nan,-1.308,-1.700,-1.691,0.257,-1.119,-3.917,0.0,nan
126 ,0.461,0.568,0.726,0.109,-1.081,-0.046,0.350,0.614,0.341,-0.443,0.513,0.412,0.000,0.826,0.247,0.241,0.545,0.344,0.271,0.347,-3.917,0.0,0.068
127 ,0.366,0.463,0.000,0.252,0.520,0.395,0.505,0.483,0.559,0.423,0.360,0.211,0.346,0.398,0.669,0.397,0.429,0.388,0.325,0.665,-3.917,0.0,0.202
128 ,-0.730,-3.917,-0.505,-0.218,-0.635,-0.204,nan,0.168,0.392,-0.138,0.099,-0.398,-0.070,-0.582,0.224,-0.074,-0.143,-0.182,0.515,0.000,-3.917,0.0,nan
129 ,0.144,0.169,nan,0.000,0.346,0.405,0.489,0.349,0.424,0.100,0.338,0.079,0.302,0.413,0.243,0.159,0.121,0.195,0.413,nan,-3.917,0.0,nan
130 ,0.321,0.609,0.284,0.355,0.258,0.360,0.507,0.409,0.347,0.461,0.421,0.228,0.000,0.418,0.511,0.523,0.416,0.411,0.434,-0.079,nan,0.0,nan
131 ,-0.619,-3.917,0.000,-0.746,0.143,-0.684,nan,-0.258,-0.473,-0.121,-0.667,-0.284,0.057,-0.732,-0.653,-0.611,-0.419,-0.447,0.072,0.271,-3.917,0.0,nan
132 ,0.042,0.027,0.000,-0.359,0.249,0.147,-0.012,0.507,0.339,0.237,-0.139,0.334,0.316,0.052,0.423,0.313,0.453,0.192,0.116,0.495,-3.917,0.0,-0.009
133 ,nan,nan,-3.917,nan,0.311,nan,-0.232,-0.513,-1.810,0.349,0.154,-0.181,-1.244,nan,-3.917,nan,-2.186,-1.041,0.000,0.263,-3.917,0.0,nan
134 ,0.027,0.036,-0.939,0.000,0.165,0.312,0.158,0.136,0.237,0.231,0.160,0.050,0.315,0.225,0.194,-0.036,0.046,0.239,0.022,0.110,-3.917,0.0,-0.106
135 ,-0.518,-0.152,nan,0.306,0.432,0.168,0.017,0.606,0.647,0.468,0.048,0.764,0.298,0.611,0.816,0.000,0.552,-0.133,-0.158,0.077,-3.917,0.0,nan
136 ,0.269,nan,0.150,-0.021,0.182,0.185,-0.063,0.141,0.111,0.030,0.150,0.172,0.129,0.036,0.160,0.068,0.029,0.000,-0.008,0.034,-3.917,0.0,nan
137 ,0.184,0.733,0.144,0.199,0.000,-0.068,0.079,0.896,0.159,0.324,0.255,0.375,-0.561,0.161,0.278,0.467,0.311,0.410,-0.156,-0.685,-3.917,0.0,-0.020
138 ,-0.274,nan,0.049,0.485,-0.550,-0.335,nan,0.528,0.296,0.312,0.040,-3.917,-0.180,0.564,0.485,0.000,0.242,0.094,-0.131,-0.522,-3.917,0.0,nan
139 ,-0.144,-0.198,-0.163,0.000,-0.020,-0.128,0.007,-0.039,-0.018,0.041,-0.059,-0.073,-0.403,-0.093,-0.088,-0.105,0.095,-0.130,-0.204,-0.201,-3.917,0.0,-0.278
140 ,0.413,nan,0.427,0.482,0.000,0.460,-0.053,0.576,0.411,0.594,0.397,0.554,0.467,0.319,0.411,0.472,0.587,0.554,0.067,nan,-3.917,0.0,nan
141 ,-0.206,-0.233,-0.988,-0.168,-0.102,0.028,0.000,0.337,-0.244,-0.159,-0.273,-0.224,-0.790,-0.274,-0.322,-0.069,0.080,0.086,-0.174,-0.083,-3.917,0.0,-0.366
142 ,0.468,-0.053,0.000,0.111,0.268,0.216,0.297,-0.035,0.254,0.314,0.173,0.083,0.297,0.061,0.222,0.168,0.083,0.267,0.243,0.145,-1.267,0.0,0.110
143 ,0.000,nan,nan,-0.051,0.097,-0.117,0.016,-0.120,0.091,-0.019,0.163,-0.136,-0.403,-0.170,-0.015,-0.045,-0.286,-0.087,-0.181,nan,-3.917,0.0,nan
144 ,-0.243,0.308,0.000,-0.762,-0.360,0.254,-0.124,-0.112,-0.528,-0.326,-0.323,-0.202,nan,-0.281,-0.705,0.059,-0.264,-0.220,-0.078,-0.699,-3.917,0.0,nan
145 ,0.000,0.031,0.149,-0.017,0.172,0.146,0.169,0.004,0.001,-0.035,-0.028,0.192,-0.237,-0.095,-0.082,0.025,-0.097,-0.067,-0.019,-0.064,nan,0.0,nan
146 ,-0.116,0.182,0.100,-0.064,0.245,0.054,-0.003,0.052,-0.165,0.003,-0.021,-0.016,-0.387,0.000,-0.293,0.009,-0.073,-0.076,-0.099,0.070,-3.917,0.0,-0.215
147 ,0.362,-0.320,-1.542,-0.268,-2.092,-0.673,-0.371,nan,-1.071,-1.066,-0.696,0.000,-1.394,-0.194,-0.763,0.083,-0.291,-0.778,-1.667,-3.917,nan,0.0,nan
148 ,-2.084,-2.168,-1.203,-1.457,-1.852,-2.001,-2.376,-1.468,-2.188,-1.947,-2.095,nan,-2.169,-2.321,-1.909,0.000,0.278,-2.212,-1.382,-2.034,-3.917,0.0,nan
149 ,-0.835,-0.388,nan,-0.559,-1.945,-0.738,0.000,-1.190,-0.560,-1.970,-2.020,-0.372,0.419,-1.175,-0.121,-1.266,-0.099,0.299,-2.158,-3.917,-3.917,0.0,nan
150 ,-0.026,-0.252,0.191,-0.184,-0.154,-0.158,-0.220,nan,-0.016,-0.568,-0.279,-0.562,-0.409,-0.886,0.168,0.000,-0.380,-0.573,0.225,-0.242,-3.917,0.0,nan
151 ,0.453,0.516,-3.917,-0.683,-0.028,0.101,0.272,0.121,0.192,-0.017,-0.101,0.133,-0.872,0.584,0.183,0.202,0.384,0.553,-0.168,0.000,-3.917,0.0,-0.286
152 ,0.101,0.000,0.279,0.116,0.074,0.418,0.495,0.402,0.514,0.332,0.604,0.575,nan,0.374,0.411,0.733,0.626,0.067,0.433,nan,-3.917,0.0,nan
153 ,-0.337,0.307,nan,-0.542,0.000,-0.994,-0.376,0.170,-0.196,0.436,0.278,-0.252,-1.727,-0.713,-0.530,-0.257,0.108,-0.168,-0.514,-0.429,-3.917,0.0,nan
154 ,0.842,0.704,0.602,0.000,0.533,0.549,0.529,0.601,1.048,0.758,1.015,0.658,-1.421,0.585,0.809,0.729,0.754,1.120,0.619,0.661,-4.428,0.0,0.346
155 ,-0.230,-0.044,nan,-0.072,-0.105,-0.645,-0.156,0.000,-0.083,-0.107,-0.010,-0.649,nan,-0.173,0.103,-0.177,-0.141,-0.148,0.294,-0.141,-3.917,0.0,nan
156 ,0.231,-0.913,-0.334,-0.368,0.782,-0.078,0.334,0.114,0.654,0.000,0.728,-0.176,-1.801,0.448,0.643,0.599,nan,-0.536,0.396,1.037,-3.917,0.0,nan
157 ,0.072,-0.166,0.047,0.000,-0.357,0.243,-0.247,-0.328,0.118,-0.269,-0.126,-0.074,-1.194,0.207,0.095,0.119,-0.110,-0.212,-0.167,-0.276,-3.917,0.0,-0.312
158 ,-0.147,-0.070,-0.323,-0.163,-0.187,0.089,-0.032,-0.298,0.043,nan,-0.044,0.152,-0.240,nan,0.000,0.050,-0.023,-0.012,nan,nan,-1.516,0.0,nan
159 ,0.132,0.382,0.406,0.473,0.370,0.369,0.323,0.395,0.150,0.382,0.430,0.259,0.490,-3.917,0.000,0.366,0.228,0.185,-3.917,0.273,0.064,0.0,-0.103
